time,temperature_2m,relative_humidity_2m,dew_point_2m,apparent_temperature,precipitation,rain,snowfall,surface_pressure,cloud_cover,wind_speed_10m,wind_gusts_10m,et0_fao_evapotranspiration,city,latitude,longitude,wildfire_label,flood_label
2025-11-08 18:30:00+00:00,10.411,76.0,6.3612514,8.895119,0.0,0.0,0.0,952.16986,0.0,4.1046314,6.4799995,0.0,Indore,22.7196,75.8577,0,0
2025-11-08 19:30:00+00:00,9.811001,77.0,5.969327,8.210846,0.0,0.0,0.0,951.944,0.0,4.072935,6.12,0.0,Indore,22.7196,75.8577,0,0
2025-11-08 20:30:00+00:00,9.461,76.0,5.441313,7.813368,0.0,0.0,0.0,951.3987,0.0,3.6,5.7599998,0.0,Indore,22.7196,75.8577,0,0
2025-11-08 21:30:00+00:00,9.461,73.0,4.862164,7.697854,0.0,0.0,0.0,950.9307,0.0,3.5455887,5.3999996,0.0,Indore,22.7196,75.8577,0,0
2025-11-08 22:30:00+00:00,9.361,71.0,4.3681726,7.5644846,0.0,0.0,0.0,950.7212,0.0,3.0758414,4.68,0.0,Indore,22.7196,75.8577,0,0
2025-11-08 23:30:00+00:00,8.111,81.0,5.045946,6.6358356,0.0,0.0,0.0,950.9113,0.0,1.835647,3.96,0.0,Indore,22.7196,75.8577,0,0
2025-11-09 00:30:00+00:00,7.861,80.0,4.624,6.2503138,0.0,0.0,0.0,951.51013,0.0,2.16,2.52,0.0,Indore,22.7196,75.8577,0,0
2025-11-09 01:30:00+00:00,9.211,79.0,5.7573977,7.786375,0.0,0.0,0.0,952.46625,0.0,2.5455842,3.2399998,0.01281357,Indore,22.7196,75.8577,0,0
2025-11-09 02:30:00+00:00,14.711,76.0,10.523804,14.611128,0.0,0.0,0.0,953.85266,0.0,1.835647,5.04,0.12409034,Indore,22.7196,75.8577,0,0
2025-11-09 03:30:00+00:00,20.711,53.0,10.788566,20.20368,0.0,0.0,0.0,955.2992,0.0,5.154415,10.799999,0.29576913,Indore,22.7196,75.8577,0,0
2025-11-09 04:30:00+00:00,23.461,40.0,9.088035,22.886799,0.0,0.0,0.0,955.29645,0.0,7.289445,15.119999,0.4458091,Indore,22.7196,75.8577,0,0
2025-11-09 05:30:00+00:00,24.961,31.0,6.664003,24.168835,0.0,0.0,0.0,954.5651,0.0,9.290511,19.44,0.5536036,Indore,22.7196,75.8577,0,0
2025-11-09 06:30:00+00:00,25.811,29.0,6.4290285,25.467907,0.0,0.0,0.0,953.607,0.0,7.9932966,19.44,0.590732,Indore,22.7196,75.8577,0,0
2025-11-09 07:30:00+00:00,26.211,29.0,6.773395,25.961496,0.0,0.0,0.0,952.55896,0.0,6.9153743,16.56,0.57044756,Indore,22.7196,75.8577,0,0
2025-11-09 08:30:00+00:00,26.061,31.0,7.618667,25.284782,0.0,0.0,0.0,951.8718,0.0,7.5685663,15.84,0.5014114,Indore,22.7196,75.8577,0,0
2025-11-09 09:30:00+00:00,25.411001,32.0,7.5190563,23.585197,0.0,0.0,0.0,951.17944,0.0,8.089993,16.56,0.39157003,Indore,22.7196,75.8577,0,0
2025-11-09 10:30:00+00:00,24.111,39.0,9.292848,22.891796,0.0,0.0,0.0,950.9204,0.0,7.0911775,16.56,0.2397097,Indore,22.7196,75.8577,0,0
2025-11-09 11:30:00+00:00,20.461,60.0,12.433255,20.51693,0.0,0.0,0.0,950.744,0.0,4.829907,13.32,0.069927834,Indore,22.7196,75.8577,0,0
2025-11-09 12:30:00+00:00,16.511,75.0,12.064214,16.446478,0.0,0.0,0.0,950.6731,0.0,4.8433046,8.28,0.033032347,Indore,22.7196,75.8577,0,0
2025-11-09 13:30:00+00:00,14.311001,81.0,11.093719,13.964966,0.0,0.0,0.0,951.04974,0.0,4.6938257,7.92,0.0,Indore,22.7196,75.8577,0,0
2025-11-09 14:30:00+00:00,13.111,83.0,10.288364,12.571566,0.0,0.0,0.0,951.4476,0.0,4.379589,7.5599995,0.0,Indore,22.7196,75.8577,0,0
2025-11-09 15:30:00+00:00,12.361,82.0,9.374359,11.622137,0.0,0.0,0.0,951.4726,0.0,3.9763298,6.8399997,0.0,Indore,22.7196,75.8577,0,0
2025-11-09 16:30:00+00:00,11.811001,81.0,8.6555395,10.910393,0.0,0.0,0.0,951.1658,0.0,3.7585104,6.12,0.0,Indore,22.7196,75.8577,0,0
2025-11-09 17:30:00+00:00,11.461,79.0,7.945941,10.408364,0.0,0.0,0.0,950.7149,0.0,3.5455887,5.3999996,0.0,Indore,22.7196,75.8577,0,0
2025-11-09 18:30:00+00:00,11.411,76.0,7.329489,10.224519,0.0,0.0,0.0,950.5168,0.0,3.4152596,4.68,0.0,Indore,22.7196,75.8577,0,0
2025-11-09 19:30:00+00:00,11.111,74.0,6.6502824,9.762569,0.0,0.0,0.0,950.35736,0.0,3.4152596,4.32,0.0,Indore,22.7196,75.8577,0,0
2025-11-09 20:30:00+00:00,10.861,73.0,6.211494,9.425468,0.0,0.0,0.0,950.2093,0.0,3.319036,3.96,0.0,Indore,22.7196,75.8577,0,0
2025-11-09 21:30:00+00:00,10.511001,73.0,5.874188,9.008159,0.0,0.0,0.0,950.1324,0.0,3.2599385,3.96,0.0,Indore,22.7196,75.8577,0,0
2025-11-09 22:30:00+00:00,10.061001,74.0,5.6367445,8.532483,0.0,0.0,0.0,950.22064,0.0,3.0758414,3.96,0.0,Indore,22.7196,75.8577,0,0
2025-11-09 23:30:00+00:00,9.611,75.0,5.395581,7.994438,0.0,0.0,0.0,950.21515,0.0,3.319036,3.96,0.0,Indore,22.7196,75.8577,0,0
2025-11-10 00:30:00+00:00,9.211,76.0,5.1992054,7.495695,0.0,0.0,0.0,950.8752,0.0,3.7064266,4.32,0.0,Indore,22.7196,75.8577,0,0
2025-11-10 01:30:00+00:00,10.211,76.0,6.1675887,8.615162,0.0,0.0,0.0,951.9389,0.0,4.3498964,5.04,0.018847212,Indore,22.7196,75.8577,0,0
2025-11-10 02:30:00+00:00,15.211,75.0,10.808269,15.11097,0.0,0.0,0.0,953.3971,0.0,2.4149535,6.4799995,0.124325454,Indore,22.7196,75.8577,0,0
2025-11-10 03:30:00+00:00,21.011,52.0,10.779601,20.782974,0.0,0.0,0.0,954.9854,0.0,3.219938,7.5599995,0.2902902,Indore,22.7196,75.8577,0,0
2025-11-10 04:30:00+00:00,23.211,38.0,8.106701,22.919073,0.0,0.0,0.0,954.7767,0.0,3.671294,9.0,0.42736065,Indore,22.7196,75.8577,0,0
2025-11-10 05:30:00+00:00,24.261,32.0,6.516953,24.657467,0.0,0.0,0.0,953.9552,0.0,2.0364676,9.0,0.5137379,Indore,22.7196,75.8577,0,0
2025-11-10 06:30:00+00:00,25.061,31.0,6.7508144,26.054602,0.0,0.0,0.0,952.8944,0.0,0.8049845,6.8399997,0.54915506,Indore,22.7196,75.8577,0,0
2025-11-10 07:30:00+00:00,25.511,29.0,6.1707015,25.997765,0.0,0.0,0.0,952.0447,0.0,1.8,6.12,0.5351534,Indore,22.7196,75.8577,0,0
2025-11-10 08:30:00+00:00,25.711,30.0,6.836101,25.325823,0.0,0.0,0.0,951.5209,0.0,3.8773184,9.0,0.47535443,Indore,22.7196,75.8577,0,0
2025-11-10 09:30:00+00:00,25.211,32.0,7.344817,23.785593,0.0,0.0,0.0,951.13995,0.0,5.0528407,10.799999,0.36912382,Indore,22.7196,75.8577,0,0
2025-11-10 10:30:00+00:00,23.961,37.0,8.379759,22.832523,0.0,0.0,0.0,950.98413,0.0,4.802999,10.799999,0.22193718,Indore,22.7196,75.8577,0,0
2025-11-10 11:30:00+00:00,20.161001,58.0,11.636888,19.965069,0.0,0.0,0.0,950.964,0.0,4.802999,9.0,0.06941982,Indore,22.7196,75.8577,0,0
2025-11-10 12:30:00+00:00,15.961,70.0,10.493331,15.41522,0.0,0.0,0.0,950.93195,0.0,4.829907,7.92,0.036408473,Indore,22.7196,75.8577,0,0
2025-11-10 13:30:00+00:00,13.661,75.0,9.310515,12.852165,0.0,0.0,0.0,951.1912,0.0,4.3349743,7.5599995,0.0,Indore,22.7196,75.8577,0,0
2025-11-10 14:30:00+00:00,12.461,77.0,8.539004,11.509984,0.0,0.0,0.0,951.4944,0.0,3.8939953,6.8399997,0.0,Indore,22.7196,75.8577,0,0
2025-11-10 15:30:00+00:00,11.661,79.0,8.140452,10.6394415,0.0,0.0,0.0,951.50745,0.0,3.671294,5.7599998,0.0,Indore,22.7196,75.8577,0,0
2025-11-10 16:30:00+00:00,11.211,80.0,7.887556,10.133099,0.0,0.0,0.0,951.50305,0.0,3.6179552,5.3999996,0.0,Indore,22.7196,75.8577,0,0
2025-11-10 17:30:00+00:00,11.311001,78.0,7.613072,10.216786,0.0,0.0,0.0,951.431,0.0,3.2599385,4.68,0.0,Indore,22.7196,75.8577,0,0
2025-11-10 18:30:00+00:00,11.161,78.0,7.4674025,10.030882,0.0,0.0,0.0,951.21124,0.0,3.2599385,3.6,0.0,Indore,22.7196,75.8577,0,0
2025-11-10 19:30:00+00:00,11.061001,77.0,7.1815405,9.788625,0.0,0.0,0.0,950.9083,0.0,3.7585104,4.32,0.0,Indore,22.7196,75.8577,0,0
2025-11-10 20:30:00+00:00,10.811001,78.0,7.1274915,9.538331,0.0,0.0,0.0,950.38556,0.0,3.671294,4.32,0.0,Indore,22.7196,75.8577,0,0
2025-11-10 21:30:00+00:00,10.461,79.0,6.9733214,9.159215,0.0,0.0,0.0,950.1216,0.0,3.6179552,4.32,0.0,Indore,22.7196,75.8577,0,0
2025-11-10 22:30:00+00:00,10.011001,80.0,6.718652,8.6490135,0.0,0.0,0.0,950.02264,0.0,3.6179552,4.32,0.0,Indore,22.7196,75.8577,0,0
2025-11-10 23:30:00+00:00,9.661,81.0,6.5582314,8.313769,0.0,0.0,0.0,950.3195,0.0,3.2599385,3.96,0.0,Indore,22.7196,75.8577,0,0
2025-11-11 00:30:00+00:00,9.311001,82.0,6.3948603,7.9289036,0.0,0.0,0.0,951.0848,0.0,3.2399998,3.96,0.0,Indore,22.7196,75.8577,0,0
2025-11-11 01:30:00+00:00,10.411,81.0,7.2899003,9.228943,0.0,0.0,0.0,952.2635,0.0,3.319036,3.96,0.014577722,Indore,22.7196,75.8577,0,0
2025-11-11 02:30:00+00:00,15.711,77.0,11.689378,15.914286,0.0,0.0,0.0,953.691,0.0,2.1897945,5.3999996,0.12173683,Indore,22.7196,75.8577,0,0
2025-11-11 03:30:00+00:00,20.361,59.0,12.083618,20.227053,0.0,0.0,0.0,955.22705,0.0,5.3517847,11.879999,0.2817726,Indore,22.7196,75.8577,0,0
2025-11-11 04:30:00+00:00,22.911001,51.0,12.23897,23.251928,0.0,0.0,0.0,954.9975,0.0,6.489992,13.679999,0.41900873,Indore,22.7196,75.8577,0,0
2025-11-11 05:30:00+00:00,24.211,44.0,11.189207,25.619482,0.0,0.0,0.0,954.22687,0.0,2.6208394,13.679999,0.50516003,Indore,22.7196,75.8577,0,0
2025-11-11 06:30:00+00:00,25.011,41.0,10.8459425,26.902534,0.0,0.0,0.0,953.2602,0.0,1.1384199,7.92,0.5427847,Indore,22.7196,75.8577,0,0
2025-11-11 07:30:00+00:00,25.461,40.0,10.8773985,27.205404,0.0,0.0,0.0,952.31647,0.0,1.0182338,4.68,0.52603716,Indore,22.7196,75.8577,0,0
2025-11-11 08:30:00+00:00,25.711,39.0,10.719797,26.601568,0.0,0.0,0.0,951.8027,0.0,1.835647,5.7599998,0.45932016,Indore,22.7196,75.8577,0,0
2025-11-11 09:30:00+00:00,25.411001,41.0,11.204757,25.294584,0.0,0.0,0.0,951.5551,0.0,3.319036,7.5599995,0.3522803,Indore,22.7196,75.8577,0,0
2025-11-11 10:30:00+00:00,24.411001,43.0,11.023292,24.009924,0.0,0.0,0.0,951.5438,4.0,4.896529,9.72,0.21871343,Indore,22.7196,75.8577,0,0
2025-11-11 11:30:00+00:00,20.861,64.0,13.799287,21.273386,0.0,0.0,0.0,951.57666,0.0,5.5887027,9.72,0.07011276,Indore,22.7196,75.8577,0,0
2025-11-11 12:30:00+00:00,16.861,78.0,13.001157,16.964523,0.0,0.0,0.0,951.59076,0.0,5.815978,10.08,0.02774771,Indore,22.7196,75.8577,0,0
2025-11-11 13:30:00+00:00,14.811001,84.0,12.1329,14.718245,0.0,0.0,0.0,952.0937,0.0,5.1919937,10.08,0.0,Indore,22.7196,75.8577,0,0
2025-11-11 14:30:00+00:00,13.411,88.0,11.463241,13.149239,0.0,0.0,0.0,952.54266,0.0,4.8965297,9.0,0.0,Indore,22.7196,75.8577,0,0
2025-11-11 15:30:00+00:00,12.361,89.0,10.598686,11.952658,0.0,0.0,0.0,952.87744,0.0,4.1046314,8.28,0.0,Indore,22.7196,75.8577,0,0
2025-11-11 16:30:00+00:00,11.611,88.0,9.690386,10.96231,0.0,0.0,0.0,952.8076,0.0,3.96,6.8399997,0.0,Indore,22.7196,75.8577,0,0
2025-11-11 17:30:00+00:00,11.211,86.0,8.955125,10.413196,0.0,0.0,0.0,952.533,0.0,3.6,6.12,0.0,Indore,22.7196,75.8577,0,0
2025-11-11 18:30:00+00:00,11.061001,83.0,8.283119,10.1360655,0.0,0.0,0.0,952.12555,0.0,3.2599385,5.3999996,0.0,Indore,22.7196,75.8577,0,0
2025-11-11 19:30:00+00:00,11.011001,81.0,7.875197,9.973585,0.0,0.0,0.0,951.74005,0.0,3.319036,4.32,0.0,Indore,22.7196,75.8577,0,0
2025-11-11 20:30:00+00:00,10.711,80.0,7.40053,9.591359,0.0,0.0,0.0,951.2998,0.0,3.0758414,3.96,0.0,Indore,22.7196,75.8577,0,0
2025-11-11 21:30:00+00:00,10.311001,80.0,7.0108905,9.122523,0.0,0.0,0.0,951.1184,0.0,2.9024127,3.6,0.0,Indore,22.7196,75.8577,0,0
2025-11-11 22:30:00+00:00,9.861,81.0,6.7533474,8.634946,0.0,0.0,0.0,951.0191,0.0,2.7416782,3.2399998,0.0,Indore,22.7196,75.8577,0,0
2025-11-11 23:30:00+00:00,9.411,82.0,6.492562,8.039919,0.0,0.0,0.0,951.3875,0.0,3.319036,3.96,0.0,Indore,22.7196,75.8577,0,0
2025-11-12 00:30:00+00:00,9.111,82.0,6.1994534,7.579219,0.0,0.0,0.0,952.1635,0.0,3.96,4.68,0.0,Indore,22.7196,75.8577,0,0
2025-11-12 01:30:00+00:00,10.261001,81.0,7.1435714,8.947714,0.0,0.0,0.0,953.2604,0.0,3.9763298,4.68,0.01570492,Indore,22.7196,75.8577,0,0
2025-11-12 02:30:00+00:00,15.661,77.0,11.640919,15.797167,0.0,0.0,0.0,954.61774,0.0,2.5455842,6.12,0.12016044,Indore,22.7196,75.8577,0,0
2025-11-12 03:30:00+00:00,20.261,59.0,11.989803,19.867561,0.0,0.0,0.0,956.05096,0.0,6.924738,14.4,0.2807064,Indore,22.7196,75.8577,0,0
2025-11-12 04:30:00+00:00,22.761,51.0,12.100763,22.809551,0.0,0.0,0.0,955.99994,0.0,7.92,16.56,0.4171778,Indore,22.7196,75.8577,0,0
2025-11-12 05:30:00+00:00,24.161001,45.0,11.483376,25.147348,0.0,0.0,0.0,955.4376,0.0,5.4477882,17.28,0.5070538,Indore,22.7196,75.8577,0,0
2025-11-12 06:30:00+00:00,25.461,40.0,10.8773985,26.613443,0.0,0.0,0.0,954.75854,2.0,5.4119864,16.56,0.5593866,Indore,22.7196,75.8577,0,0
2025-11-12 07:30:00+00:00,25.961,39.0,10.942675,27.033031,0.0,0.0,0.0,953.8249,4.0,5.154415,13.679999,0.5476141,Indore,22.7196,75.8577,0,0
2025-11-12 08:30:00+00:00,25.711,40.0,11.100966,26.19206,0.0,0.0,0.0,953.02374,6.0,5.3517847,11.879999,0.47850874,Indore,22.7196,75.8577,0,0
2025-11-12 09:30:00+00:00,24.561,46.0,12.180073,24.460056,0.0,0.0,0.0,952.7945,4.0,5.6233797,11.879999,0.37138158,Indore,22.7196,75.8577,0,0
2025-11-12 10:30:00+00:00,22.711,54.0,12.92597,22.832985,0.0,0.0,0.0,952.70404,2.0,5.495161,12.959999,0.22804898,Indore,22.7196,75.8577,0,0
2025-11-12 11:30:00+00:00,20.611,63.0,13.320635,20.869226,0.0,0.0,0.0,952.839,0.0,5.495161,13.32,0.07355352,Indore,22.7196,75.8577,0,0
2025-11-12 12:30:00+00:00,18.211,71.0,12.865612,18.286194,0.0,0.0,0.0,953.09265,0.0,5.692099,12.599999,0.0002797812,Indore,22.7196,75.8577,0,0
2025-11-12 13:30:00+00:00,15.611,80.0,12.17231,15.433331,0.0,0.0,0.0,953.4824,0.0,5.8603754,11.879999,0.0,Indore,22.7196,75.8577,0,0
2025-11-12 14:30:00+00:00,13.511001,86.0,11.214312,13.066372,0.0,0.0,0.0,953.68835,0.0,5.6233797,10.440001,0.0,Indore,22.7196,75.8577,0,0
2025-11-12 15:30:00+00:00,12.361,88.0,10.429097,11.816845,0.0,0.0,0.0,953.72034,0.0,4.6938257,8.64,0.0,Indore,22.7196,75.8577,0,0
2025-11-12 16:30:00+00:00,11.711,88.0,9.788882,11.132092,0.0,0.0,0.0,953.6724,0.0,3.671294,6.8399997,0.0,Indore,22.7196,75.8577,0,0
2025-11-12 17:30:00+00:00,11.211,87.0,9.126624,10.511942,0.0,0.0,0.0,953.46936,0.0,3.2399998,5.3999996,0.0,Indore,22.7196,75.8577,0,0
2025-11-12 18:30:00+00:00,10.811001,86.0,8.562185,10.010739,0.0,0.0,0.0,953.1943,0.0,2.9024127,4.68,0.0,Indore,22.7196,75.8577,0,0
2025-11-12 19:30:00+00:00,10.561001,85.0,8.144203,9.627263,0.0,0.0,0.0,952.85846,0.0,3.0758414,4.32,0.0,Indore,22.7196,75.8577,0,0
2025-11-12 20:30:00+00:00,10.311001,85.0,7.898942,9.268307,0.0,0.0,0.0,952.6162,0.0,3.396233,3.96,0.0,Indore,22.7196,75.8577,0,0
2025-11-12 21:30:00+00:00,9.761001,86.0,7.530669,8.604776,0.0,0.0,0.0,952.5884,0.0,3.5455887,3.96,0.0,Indore,22.7196,75.8577,0,0
2025-11-12 22:30:00+00:00,9.211,88.0,7.3262844,8.023718,0.0,0.0,0.0,952.65344,0.0,3.4152596,4.32,0.0,Indore,22.7196,75.8577,0,0
2025-11-12 23:30:00+00:00,9.511001,88.0,7.621816,8.358951,0.0,0.0,0.0,953.00073,0.0,3.671294,4.68,0.0,Indore,22.7196,75.8577,0,0
2025-11-13 00:30:00+00:00,11.061001,88.0,9.148642,10.36501,0.0,0.0,0.0,953.9045,0.0,3.2599385,4.68,0.0,Indore,22.7196,75.8577,0,0
2025-11-13 01:30:00+00:00,13.461,86.0,11.1652,13.398155,0.0,0.0,0.0,954.98926,0.0,2.9024127,5.04,0.010328723,Indore,22.7196,75.8577,0,0
2025-11-13 02:30:00+00:00,16.011,81.0,12.751342,16.394629,0.0,0.0,0.0,955.9104,0.0,3.319036,6.8399997,0.11188085,Indore,22.7196,75.8577,0,0
2025-11-13 03:30:00+00:00,18.861,69.0,13.051041,19.114798,0.0,0.0,0.0,956.4171,0.0,4.896529,11.159999,0.23687862,Indore,22.7196,75.8577,0,0
2025-11-13 04:30:00+00:00,21.861,54.0,12.13732,21.640272,0.0,0.0,0.0,956.66113,0.0,7.754637,16.919998,0.38005722,Indore,22.7196,75.8577,0,0
2025-11-13 05:30:00+00:00,24.111,43.0,10.752559,24.031923,0.0,0.0,0.0,956.5544,0.0,9.504273,21.24,0.5002486,Indore,22.7196,75.8577,0,0
2025-11-13 06:30:00+00:00,25.261,39.0,10.318565,25.28908,0.0,0.0,0.0,955.84564,5.0,10.315115,22.319998,0.5577917,Indore,22.7196,75.8577,0,0
2025-11-13 07:30:00+00:00,25.711,39.0,10.719797,25.773502,0.0,0.0,0.0,954.71454,9.0,10.296251,21.599998,0.55286777,Indore,22.7196,75.8577,0,0
2025-11-13 08:30:00+00:00,25.411001,41.0,11.204757,25.11747,0.0,0.0,0.0,953.8093,14.0,10.195057,20.880001,0.48921743,Indore,22.7196,75.8577,0,0
2025-11-13 09:30:00+00:00,24.311,46.0,11.95266,23.539202,0.0,0.0,0.0,953.402,11.0,9.422101,20.880001,0.3710722,Indore,22.7196,75.8577,0,0
2025-11-13 10:30:00+00:00,22.461,54.0,12.694032,22.11633,0.0,0.0,0.0,953.21643,9.0,8.161764,20.519999,0.22433354,Indore,22.7196,75.8577,0,0
2025-11-13 11:30:00+00:00,20.461,62.0,12.933836,20.379807,0.0,0.0,0.0,953.18353,6.0,6.9153743,19.44,0.07943144,Indore,22.7196,75.8577,0,0
2025-11-13 12:30:00+00:00,18.161001,71.0,12.817637,18.115421,0.0,0.0,0.0,953.3634,4.0,6.4096174,16.919998,0.0395108,Indore,22.7196,75.8577,0,0
2025-11-13 13:30:00+00:00,15.711,81.0,12.4588375,15.587517,0.0,0.0,0.0,953.7847,2.0,6.1305785,13.679999,0.0,Indore,22.7196,75.8577,0,0
2025-11-13 14:30:00+00:00,13.661,88.0,11.709457,13.335758,0.0,0.0,0.0,954.0018,0.0,5.8603754,11.159999,0.0,Indore,22.7196,75.8577,0,0
2025-11-13 15:30:00+00:00,12.361,91.0,10.932882,11.8705635,0.0,0.0,0.0,954.00134,0.0,5.3517847,9.36,0.0,Indore,22.7196,75.8577,0,0
2025-11-13 16:30:00+00:00,11.561001,91.0,10.141791,10.977177,0.0,0.0,0.0,953.8268,0.0,4.39436,8.28,0.0,Indore,22.7196,75.8577,0,0
2025-11-13 17:30:00+00:00,10.861,91.0,9.449562,10.135855,0.0,0.0,0.0,953.5798,0.0,4.0249224,7.5599995,0.0,Indore,22.7196,75.8577,0,0
2025-11-13 18:30:00+00:00,10.261001,92.0,9.018202,9.439715,0.0,0.0,0.0,953.2604,0.0,3.8773184,7.2,0.0,Indore,22.7196,75.8577,0,0
2025-11-13 19:30:00+00:00,9.761001,92.0,8.523091,8.83324,0.0,0.0,0.0,952.96277,0.0,3.7064266,6.8399997,0.0,Indore,22.7196,75.8577,0,0
2025-11-13 20:30:00+00:00,9.361,92.0,8.126995,8.330874,0.0,0.0,0.0,952.6867,0.0,3.7064266,6.8399997,0.0,Indore,22.7196,75.8577,0,0
2025-11-13 21:30:00+00:00,8.711,93.0,7.6418266,7.5587378,0.0,0.0,0.0,952.5423,0.0,3.7064266,6.4799995,0.0,Indore,22.7196,75.8577,0,0
2025-11-13 22:30:00+00:00,8.111,93.0,7.0469046,6.7864056,0.0,0.0,0.0,952.50195,0.0,3.8939953,6.12,0.0,Indore,22.7196,75.8577,0,0
2025-11-13 23:30:00+00:00,8.411,92.0,7.1862445,7.119912,0.0,0.0,0.0,952.75616,0.0,3.8939953,6.12,0.0,Indore,22.7196,75.8577,0,0
2025-11-14 00:30:00+00:00,10.061001,90.0,8.495102,9.098583,0.0,0.0,0.0,953.5906,0.0,3.8939953,6.8399997,0.0,Indore,22.7196,75.8577,0,0
2025-11-14 01:30:00+00:00,12.561001,86.0,10.281213,12.045992,0.0,0.0,0.0,954.70056,0.0,4.198285,8.28,0.011294002,Indore,22.7196,75.8577,0,0
2025-11-14 02:30:00+00:00,15.211,80.0,11.782867,15.011606,0.0,0.0,0.0,955.4589,0.0,5.154415,10.799999,0.108300544,Indore,22.7196,75.8577,0,0
2025-11-14 03:30:00+00:00,18.111,69.0,12.3339,17.727297,0.0,0.0,0.0,955.79114,0.0,7.628263,15.84,0.23039933,Indore,22.7196,75.8577,0,0
2025-11-14 04:30:00+00:00,21.211,56.0,12.085519,20.483948,0.0,0.0,0.0,955.8711,0.0,10.829959,21.96,0.37192932,Indore,22.7196,75.8577,0,0
2025-11-14 05:30:00+00:00,23.511,46.0,11.224811,23.036451,0.0,0.0,0.0,955.5884,0.0,12.661564,25.919998,0.4924349,Indore,22.7196,75.8577,0,0
2025-11-14 06:30:00+00:00,24.761,41.0,10.621656,24.430002,0.0,0.0,0.0,954.90076,6.0,12.864649,26.28,0.55251896,Indore,22.7196,75.8577,0,0
2025-11-14 07:30:00+00:00,25.261,40.0,10.698528,25.07569,0.0,0.0,0.0,953.96716,11.0,11.631956,24.119999,0.54778004,Indore,22.7196,75.8577,0,0
2025-11-14 08:30:00+00:00,25.011,41.0,10.8459425,24.522211,0.0,0.0,0.0,953.1663,17.0,10.630672,22.319998,0.48445264,Indore,22.7196,75.8577,0,0
2025-11-14 09:30:00+00:00,23.911001,46.0,11.58876,23.043535,0.0,0.0,0.0,952.85205,11.0,9.290511,21.24,0.36693662,Indore,22.7196,75.8577,0,0
2025-11-14 10:30:00+00:00,22.111,54.0,12.369296,21.661476,0.0,0.0,0.0,952.67615,6.0,8.14587,20.16,0.22193563,Indore,22.7196,75.8577,0,0
2025-11-14 11:30:00+00:00,20.111,62.0,12.603536,19.877733,0.0,0.0,0.0,952.73627,0.0,7.2,18.72,0.079051584,Indore,22.7196,75.8577,0,0
2025-11-14 12:30:00+00:00,17.961,71.0,12.625732,17.85132,0.0,0.0,0.0,953.0404,0.0,6.4096174,16.56,0.039343856,Indore,22.7196,75.8577,0,0
2025-11-14 13:30:00+00:00,15.661,80.0,12.220987,15.462797,0.0,0.0,0.0,953.3993,0.0,6.1094027,14.04,0.0005019064,Indore,22.7196,75.8577,0,0
2025-11-14 14:30:00+00:00,13.761001,87.0,11.634781,13.479372,0.0,0.0,0.0,953.74243,0.0,5.3999996,11.879999,0.0,Indore,22.7196,75.8577,0,0
2025-11-14 15:30:00+00:00,12.561001,90.0,10.964113,12.131086,0.0,0.0,0.0,953.8576,0.0,5.00128,10.08,0.0,Indore,22.7196,75.8577,0,0
2025-11-14 16:30:00+00:00,11.811001,92.0,10.552982,11.373303,0.0,0.0,0.0,953.88153,0.0,4.2136917,8.64,0.0,Indore,22.7196,75.8577,0,0
2025-11-14 17:30:00+00:00,11.111,92.0,9.859865,10.488973,0.0,0.0,0.0,953.8218,0.0,4.1046314,7.5599995,0.0,Indore,22.7196,75.8577,0,0
2025-11-14 18:30:00+00:00,10.411,92.0,9.166733,9.629891,0.0,0.0,0.0,953.5741,0.0,3.8773184,7.2,0.0,Indore,22.7196,75.8577,0,0
2025-11-14 19:30:00+00:00,9.761001,91.0,8.361733,8.7639,0.0,0.0,0.0,953.14996,0.0,3.8939953,6.8399997,0.0,Indore,22.7196,75.8577,0,0
2025-11-14 20:30:00+00:00,9.161,90.0,7.6061845,7.941868,0.0,0.0,0.0,952.92334,0.0,4.1046314,6.8399997,0.0,Indore,22.7196,75.8577,0,0
2025-11-14 21:30:00+00:00,8.211,90.0,6.6678405,6.766038,0.0,0.0,0.0,952.80493,0.0,4.1046314,6.8399997,0.0,Indore,22.7196,75.8577,0,0
2025-11-14 22:30:00+00:00,7.311,91.0,5.9386487,5.6991663,0.0,0.0,0.0,952.8837,0.0,4.1046314,6.4799995,0.0,Indore,22.7196,75.8577,0,0
2025-11-14 23:30:00+00:00,7.311,90.0,5.778842,5.6499395,0.0,0.0,0.0,953.1644,0.0,4.198285,6.8399997,0.0,Indore,22.7196,75.8577,0,0
2025-11-15 00:30:00+00:00,8.811001,88.0,6.932234,7.440031,0.0,0.0,0.0,953.8747,0.0,4.0249224,7.2,0.0,Indore,22.7196,75.8577,0,0
2025-11-15 01:30:00+00:00,11.261001,84.0,8.655764,10.294093,0.0,0.0,0.0,954.7911,0.0,4.2136917,7.92,0.010648734,Indore,22.7196,75.8577,0,0
2025-11-15 02:30:00+00:00,14.011001,78.0,10.234729,13.3805065,0.0,0.0,0.0,955.57654,0.0,4.896529,9.72,0.10481979,Indore,22.7196,75.8577,0,0
2025-11-15 03:30:00+00:00,17.161001,66.0,10.755212,16.365314,0.0,0.0,0.0,956.15424,0.0,7.072878,14.4,0.22774921,Indore,22.7196,75.8577,0,0
2025-11-15 04:30:00+00:00,20.561,51.0,10.073017,19.434317,0.0,0.0,0.0,956.4881,0.0,9.605998,20.16,0.37261054,Indore,22.7196,75.8577,0,0
2025-11-15 05:30:00+00:00,23.111,40.0,8.774749,22.212938,0.0,0.0,0.0,956.44635,0.0,11.177405,24.119999,0.4959844,Indore,22.7196,75.8577,0,0
2025-11-15 06:30:00+00:00,24.461,35.0,8.0028105,23.754082,0.0,0.0,0.0,955.77954,0.0,11.043261,23.759998,0.5558834,Indore,22.7196,75.8577,0,0
2025-11-15 07:30:00+00:00,24.961,34.0,8.015875,24.290033,0.0,0.0,0.0,954.84686,0.0,10.30883,21.24,0.5505505,Indore,22.7196,75.8577,0,0
2025-11-15 08:30:00+00:00,24.711,36.0,8.638863,23.82428,0.0,0.0,0.0,954.04535,0.0,9.387651,19.08,0.483871,Indore,22.7196,75.8577,0,0
2025-11-15 09:30:00+00:00,23.511,42.0,9.859178,22.219385,0.0,0.0,0.0,953.71063,0.0,8.669949,18.359999,0.36653504,Indore,22.7196,75.8577,0,0
2025-11-15 10:30:00+00:00,21.611,51.0,11.040975,20.807364,0.0,0.0,0.0,953.6067,0.0,7.7043357,17.64,0.22071266,Indore,22.7196,75.8577,0,0
2025-11-15 11:30:00+00:00,19.461,60.0,11.49315,18.885406,0.0,0.0,0.0,953.7276,0.0,7.10031,16.919998,0.07794882,Indore,22.7196,75.8577,0,0
2025-11-15 12:30:00+00:00,17.111,69.0,11.377575,16.589417,0.0,0.0,0.0,954.081,0.0,6.489992,15.119999,0.041014083,Indore,22.7196,75.8577,0,0
2025-11-15 13:30:00+00:00,14.561001,77.0,10.574772,13.852922,0.0,0.0,0.0,954.4765,0.0,6.1094027,12.959999,0.002864215,Indore,22.7196,75.8577,0,0
2025-11-15 14:30:00+00:00,12.511001,84.0,9.88022,11.66315,0.0,0.0,0.0,954.877,0.0,5.692099,11.159999,0.0,Indore,22.7196,75.8577,0,0
2025-11-15 15:30:00+00:00,11.311001,87.0,9.224991,10.359492,0.0,0.0,0.0,954.98926,0.0,5.154415,9.72,0.0,Indore,22.7196,75.8577,0,0
2025-11-15 16:30:00+00:00,10.561001,88.0,8.656133,9.508262,0.0,0.0,0.0,955.01166,0.0,4.802999,8.64,0.0,Indore,22.7196,75.8577,0,0
2025-11-15 17:30:00+00:00,9.911,89.0,8.182222,8.796852,0.0,0.0,0.0,954.9614,0.0,4.379589,7.92,0.0,Indore,22.7196,75.8577,0,0
